query,date,parsed_date,title,link,content
Gemini,2024.08.25. 오후 5:55,2024-08-25,[오션 뷰] '제미니 협력'과 부산항의 변화,https://n.news.naver.com/mnews/article/082/0001285490?sid=110,"이승미 부산컨테이너터미널 영업본부장다음 주면 9월로 올해도 이제 4개월을 남겨 두고 있다. 사사분기를 준비하며 올 한 해 결과를 돌아보고 내년 사업 계획을 수립하는 시기다. 그런데 올해와 내년은 글로벌 해운항만업계에 변수가 많아 추가 계획 수립이 쉽지 않다.우선 올해 초 업계를 뒤흔들었던 이슈는 세계 2위 선사인 덴마크 머스크와 5위인 독일 하팍로이드가 체결한 글로벌 해운동맹 ‘제미니 협력’(Gemini Cooperation)의 출범이었다. ‘제미니 협력’은 당초 7월 15일 법적 효력이 발생될 예정이었으나, 7월 12일 미국 연방해상위원회(FMC)가 선사들에게 추가 정보 제출을 요구하며 협력의 시행에 제동을 거는 바람에 시장에 예측 불허성을 가중시켰다.미국, 머스크·하팍로이드 동맹에 제동글로벌 해운항만업계 예측 불허성 가중부산항 9개 터미널 물량 구조 변화 변수선사, 파트너 터미널 확보 '선택의 시간'FMC의 조치로 내년 2월로 예정된 ‘제미니 협력’이 무산될 가능성이 있다고 보는 의견은 많지 않다. 두 선사가 필요한 상세를 해명하여 곧 추가 발표가 있을 것이라는 것이 중론이다. 문제는 선사 얼라이언스 변화가 6개월 앞으로 다가오며 부산항 9개 터미널들의 중장기 사업 계획 시나리오가 보다 복잡해지고 있다는 점이다.상반기 업계의 관심은 두 가지로 집중됐다. 우선 세계 1위 선사 얼라이언스 ‘2M’(머스크+MSC)이 ‘제미니 협력’으로 변화하면 부산항 전체 물동량의 증가와 감소, 어느 결과를 초래할 것인가이다. 이어 하팍로이드의 탈퇴가 우리나라 HMM이 소속된 ‘디얼라이언스’(The Alliance)의 경쟁력에 어떤 영향을 미칠지가 주목된다.하반기에 들어 업계의 관심은 새로운 ‘협력’의 탄생이 현재 9개 터미널 간 계약 물량 구조에 어떠한 변화를 야기할 것인가로 옮겨가고 있다. 변화는 위기와 기회를 양면으로 제공하기 때문이다.업계의 주된 관심사는 다음 네 가지다. 소속이 변경되는 하팍로이드가 현재 ‘디얼라이언스’ 멤버로 이용하고 있는 신항 3·4부두를 떠나 머스크가 이용 중인 2부두로 이전할 것인지가 주목된다. 만약 이전한다면 물량을 유실할 3·4부두는 대안이 있을까. 또 스위스 MSC는 ‘2M’ 해체 후 2부두를 떠나 지분을 보유한 1부두로 이전할 것인지도 관심사다. 만약 MSC가 이전한다면 1부두는 연간 400만TEU 규모로 예상되는 MSC의 물량을 모두 처리할 수 있는지로 논의가 이어진다.이러한 논의가 신항 몇몇 터미널에 기항하는 대형 선사들에 한정된다 생각하면 오산이다. 원양 노선들은 중소 규모 국적, 외국적 선사들의 아주역내, 한중일 피더 노선들과 촘촘하게 연결되어 있어 대형 원양 선사들의 터미널 재편은 중소형 근해 선사들의 기항 터미널 결정에도 많은 영향을 초래한다. 특히 하반기에는 북항 자성대부두 운영사가 신감만부두로 이전할 예정이다. 기존 3개 터미널에서 현재 2개 터미널로 축소된 북항을 이용 중인 선사들이 신항으로 이전을 계획하는 경우 신항 동향 변화는 의사 결정에 주요 검토 요소이다.기존 터미널 계약 갱신 또는 신규 터미널 계약 때 선사들의 우선 순위는 분명하다. 예를 들어 기존 얼라이언스들과의 차별성을 강조하며 그 시작을 알린 ‘제미니 협력’은 90% 정시성을 충분히 뒷받침할 수 있는 파트너 터미널을 찾을 것이다. 부산항 터미널에 지분을 투자한 MSC, 국적 HMM, 프랑스 CMACGM은 추가 터미널이 필요하다면 자가 터미널과 최대한 시너지를 창출할 수 있는 파트너 터미널 검토에 집중할 것이다.문제는 얼라이언스나 선사가 요청하는 물량을 모두 수용할 수 있는 단일 터미널을 찾지 못할 경우다. 복수의 터미널과 계약을 체결해야 할 때 서비스 수준과 비용 측면의 최적 터미널 조합을 찾아야 한다. 터미널 이전 시기와 필요 시점이 맞아떨어지지 않을 수도 있다.이는 일반 가정이 이사를 할 때와 크게 다르지 않다. 이사 경험이 많은 이들은 이사의 목적이 근무지 변경, 생활비 절감, 아이들 교육 개선 등 어느 쪽에 우선 순위가 있는지를 따져 조정이 가능한 항목은 빨리 조정하여 이사처를 확정할 것을 권한다. 이상적인 조합을 고집하다 보면 다른 이에게 이사처가 넘어가기 때문이다. 이사 시기 역시 이사 들어갈 일정을 우선 정하고 이사 나오는 일정을 정할 것을 권한다. 예상하지 못한 이사 일정에 맞추다 보면 선택의 폭이 제한되기 때문이다.올해 또는 내년 터미널 이전 필요성을 검토하고 있는 선사에 올해와 내년은 선택의 시기다. 앞으로 중장기 파트너 터미널을 잘 확보한 사례와 상대적으로 그렇지 못했던 사례로 회자될 것이다."
ChatGPT,2024.08.25. 오전 9:10,2024-08-25,'5000억 잭팟' 90년생·딥마인드 출신 99년생 만났더니…벌써 3조 몸값,https://n.news.naver.com/mnews/article/421/0007748171?sid=101,"블록체인 기반 IP 프로젝트 '스토리', 실리콘밸리서 3조원 기업가치 인정'래디쉬' 5000억원에 매각한 이승윤·딥마인드 최연소 PM 제이슨 자오가 창업이승윤 스토리 대표.(서울=뉴스1) 박현영 기자 = 블록체인 기반 지식재산권(IP) 프로젝트 '스토리(구 스토리프로토콜)'가 전세계 '혁신의 산실' 실리콘밸리에서 3조원 규모 기업 가치를 인정받았다. 앤드리슨호로위츠(a16z)를 비롯해 유수의 벤처캐피탈들이 관심을 가진 결과다. 이전 투자 라운드에선 아시아 최대 블록체인 투자사인 해시드와 삼성넥스트, 방시혁 하이브 의장 등도 참여했다.스토리에 시선이 집중되는 이유는 기업가치뿐만이 아니다. 이미 웹소설 플랫폼 '래디쉬'를 미국에서 창업해 카카오에 5000억원에 매각한 바 있는 90년생 이승윤 대표가 처음 도전한 '블록체인 스타트업'이기 때문이다. 또 99년생인 공동창업자인 제이슨 자오(Jason Zhao)는 '알파고 개발사' 구글 딥마인드 최연소 프로덕트매니저(PM) 출신이다. 17세에 스탠포드에 입학, 3년 만에 학위를 취득한 천재이기도 하다.◇'5000억 잭팟' 신화 이승윤의 새 도전은 '블록체인'지난 21일(현지시간) 블룸버그 등 외신에 따르면 스토리 개발사 PIP 랩스는 앤드리슨호로위츠(a16z)가 주도한 시리즈B 투자 라운드에서 8000만달러(약 1068억원) 규모의 투자를 유치했다. 이번 투자로 인정받은 기업가치는 22억5000만달러(약 3조 37억원)에 이른다.스토리는 인공지능(AI)에 의한 IP 및 저작권 도용을 방지하기 위해 블록체인 기술을 활용하는 프로젝트다. 챗지피티(ChatGPT) 같은 생성 AI 모델이 저작권이 있는 작품을 도용하지 않도록 하는 것을 목표로 한다.이미 웹소설 플랫폼을 창업해 매각했던 이승윤 대표가 IP 분야에 관심을 가진 것은 당연한 수순이다. 이 대표는 31세였던 지난 2022년 래디쉬를 매각해 5000억원대 '잭팟'을 터뜨린 인물이다. 당시에도 젊은 한국인 창업자가 수천억원대 투자금 회수(엑시트) 성과를 낸 건 이례적이라는 평가가 나왔다.1990년생인 이 대표는 영국 옥스퍼드대학에서 정치, 철학, 경제학을 전공했다. 그는 지난 2012년 옥스퍼드대학 토론클럽 '옥스퍼드유니언' 회장 출신으로, 당시 언론의 주목을 받기도 했다. 한인으로는 최초, 아시아인으로는 베나지르 부토 파키스탄 전 총리 이후 두 번째였기 때문이다. 옥스퍼드 유니언은 1823년 설립된 유서 깊은 토론 클럽이다.졸업 이후 창업가의 길을 걷게 된 그는 전(前) 이코노미스트 한국 특파원인 다니엘 튜더와 미디어 스타트업 '바이라인'(Byline)을 창업했다. 하지만 저널리즘으로는 확장성에 한계가 있다고 생각했고, 이에 그는 웹소설로 눈을 돌렸다. 2015년 12월 래디쉬미디어 미국 법인을 설립한 그는 이듬해 2월 '래디쉬'를 선보였다. 래디쉬는 '웹소설계 넷플릭스'로 불리며 이용자를 빠르게 확보, 결국 2022년 카카오엔터테인먼트에 매각되는 성과를 냈다.◇이승윤에 힘 보탠 '천재 개발자' 제이슨 자오…'스토리' 알리려 방한제이슨 자오 스토리 공동창업자.이 대표의 이력을 고려하면 그가 왜 IP 산업의 문제를 해결하고자 했는지 알 수 있다. 현재 온라인 세계에선 IP를 가지고 있는 창작자가 해당 IP 활용에 따른 수익을 공정하게 배분받지 못하는 구조가 이어지고 있다.이런 문제는 인공지능(AI)의 발달로 더욱 심각해지고 있다. 챗지피티(ChatGPT)를 비롯한 생성형 AI들이 저작물을 허락없이 활용하면서도 그에 대한 대가는 지불하지 않기 때문이다.이 같은 문제 의식을 더 키워준 건 제이슨 자오 스토리 공동창업자다. 자오 창업자는 17세에 스탠포드 대학에 입학, 철학을 전공해 3년 만에 졸업한 이른바 '천재'다. 1990년생인 이승윤 대표보다도 9살이나 어린 1999년생이다. 이승윤 대표와는 철학을 전공했다는 공통점도 지니고 있다.철학을 전공했으나 석사 학위를 취득할 땐 컴퓨터과학으로 눈을 돌렸다. 석사 역시 1년 만에 초고속으로 마쳤으며, 스무살 남짓이었던 대학원 재학 시절 알파고 개발사로 잘 알려진 딥마인드에 입사해 최연소 PM으로도 재직했다.딥마인드에서 AI 관련 지식을 쌓은 인재인 만큼, AI의 도용으로 인한 문제를 누구보다 잘 인지하고 있는 인물이기도 했다. 또 컴퓨터과학 석사를 1년 만에 취득한 천재 개발자인 만큼 스토리 플랫폼 개발도 주도하고 있다.자오 창업자는 지난 22일 한국을 방문, 기자간담회를 열고 스토리의 비전을 알렸다. 그는 오는 9월 초 코리안블록체인위크(KBW) 기간 동안 한국에 머무르며 스토리의 목표를 알리는 데 주력할 예정이다."
ChatGPT,2024.08.24. 오전 12:53,2024-08-24,"“소버린 AI, 글로벌 경제 주권국·종속국 가를 것”",https://n.news.naver.com/mnews/article/353/0000048963?sid=102,"━위기의 토종 포털2022년 생성형 인공지능(AI)인 ‘챗GPT(ChatGPT)’의 등장은 전 세계 플랫폼 기업에 긴장을 불어넣었다. 검색엔진 시장을 지배하던 구글의 점유율이 주춤하는 순간이었기 때문이다. 이후 메타의 ‘라마’, 앤스로픽의 ‘클로드’ 등 글로벌 플랫폼 기업들이 생성형 AI를 연달아 내놓으면서 플랫폼 시장에선 그야말로 총성 없는 전쟁이 시작됐다. 지난달 IT 리서치 업체인 가트너가 매년 내놓은 신기술 보고서인 ‘AI 하이프사이클’에 ‘소버린 AI’를 포함한 배경이다.소버린 AI는 ‘주권을 확보한 인공지능’으로 자체 인프라, 데이터, 인력 및 비즈니스 네트워크를 사용해 AI를 구축한 국가의 역량을 의미한다. 수년 내 AI 시대가 본격화되면 소버린 AI를 보유한 국가와 그렇지 않은 국가의 차이가 크게 벌어질 것으로 예상하는 만큼 소버린 AI가 국가의 패권을 결정짓는 21세기 신무기가 될 것이란 게 업계의 진단이다. 하지만 국내 기업들이 개발 중인 생성형 AI는 여전히 갈 길이 멀다.네이버 5년간 AI 투자 1조, MS는 작년 13조김명주 교수는 ""막대한 데이터 등 한국이 가진 강점을 적극 활용할 때""라고 강조했다. 최기웅 기자네이버는 하이퍼클로바X, KT는 믿음 등을 생성형 AI 시장에 내놨지만 시장의 반응은 미지근하다. AI 경쟁이 본격화하면 국내 포털 시장이 수년 내 외국 기업으로 완전히 대체될 수 있다는 우려가 나오는 이유다. 22일 만난 김명주 국제인공지능윤리협회장(서울여대 정보보호학부 교수)은 “소수의 빅테크가 시장을 장악하지 않도록 우리만의 AI 역량을 반드시 확보해야 한다”며 “정부 주도의 AI 컨소시엄을 꾸려 글로벌 틈새시장을 노리는 치밀한 전략이 필요한 때”라고 답했다.Q : 소버린 AI가 왜 중요한가.A :“AI가 예상보다 빠르게 고도화하며 시장을 장악하고 있다. 챗GPT, 제미나이 등 미국의 빅테크 기업이 개발한 생성형 AI 기술이 사실상 글로벌 플랫폼 시장을 독과점하고 있는데, 향후 이런 기술을 스스로 개발하고 운영할 능력이 없는 국가는 패권 경쟁에서 밀려날 것이다. 산업혁명 과정에서 기술을 가진 국가와 그렇지 않은 국가가 어떤 결과를 낳았는지 모두가 알고 있지 않나. 그래서 AI 주권 즉, 소버린 AI를 확보하려 경쟁하고 있다. 소버린 AI의 유무는 향후 글로벌 경제의 주권국이냐, 종속국이냐를 결정짓게 될 것이다.”Q : 얼른 이해가 되지 않는다.A :“이렇게 생각하면 쉽다. 생성형 AI는 ‘학습된 데이터’를 기반으로 출력물을 만들어 낸다. 그런데, 데이터에 차별과 편견이 담겨있다면 결과물 또한 왜곡된 내용이 나온다. 과거 챗GPT에게 ‘독도는 어느 나라 땅입니까’라고 물었을 때 영토 분쟁이 진행 중이라는 답변이 나온 것도 편향된 데이터가 원인으로 지목됐다. 우리나라의 가치관과 역사를 제대로 학습하고, 반영하는 우리 고유의 AI(소버린 AI)가 필요한 이유다.”Q : 주요국이 막대한 투자를 하고 있다.A :“가장 투자가 활발한 곳은 역시 생성형 AI의 본국인 미국이다. 미국은 지난해 874억 달러(약 116조원)를 AI에 투자, 전 세계 AI 투자액의 62%를 차지하고 있다. 기업 중에서는 GPU 시장을 독점하고 있는 엔비디아가 소버린 AI를 적극적으로 홍보하며 타국과의 협력을 도모하고 있다. 대표적인 국가가 인도인데, 엔비디아와 인도는 인도어 대규모 언어모델(LLM)을 개발하는 ‘소버린 AI 이니셔티브’를 발표해 개발 협력을 진행 중이다. 디지털 전환에 뒤처졌다는 평가를 받는 일본은 오픈AI와 협력 관계를 구축해 자금을 쏟아붓고 있다. 자체 기술로 소버린 AI를 확보하려는 시도도 병행한다. 일본 정부는 고성능 생성형 AI를 개발하는 소프트뱅크에 내년까지 474억엔(약 4300억원)을 투자, 일본어 모델을 채택한 소버린 AI를 개발하겠다고 밝혔다.”AI 기본법 등 제정, AI 산업 진흥 필요주요 AI기반 검색 엔진Q : 규제·법과 같은 무형의 움직임도 활발하다.A :“통상 신기술이 나오면 대중적으로 확산된 뒤 그를 통제하기 위한 규제와 법이 등장하는데, AI의 경우 규제와 법이 먼저 등장한 느낌이다. 선진국이 규제를 통해 AI 시대 주도권을 잡으려는 의도가 깔린 셈이다. 영국은 지난해 런던 포럼에서 인공지능안전성연구소(AISI)를 영국에만 설립하겠다고 선언했고, 미국은 AI 생성물에 삽입하는 워터마크를 상무성이 직접 제작해 배포하겠다고 발표했다. ‘AI 분야의 지도자가 되는 사람은 세계의 통치자가 될 것이다’라던 블라디미르 푸틴 러시아 대통령의 말이 현실화하고 있다.”Q : 우리나라 상황은 어떤가.A :“삼성·네이버·KT·LG·SK·카카오 등 개별 기업이 각개전투하고 있다. 한국 IT 기업은 언어 장벽 등으로 가뜩이나 해외 진출이 까다로운데, 투자 자체도 규모가 작다. 네이버의 경우 소버린 AI를 신규 먹거리로 삼아 투자하고 있지만, 글로벌 빅테크 기업과 비교하면 투자액과 체력이 절대적으로 부족하다. 네이버는 지난 5년간 AI에 1조원을 투자했지만 마이크로소프트는 13배에 달하는 100억 달러(약 13조3000억원)를 지난해 오픈AI에 투자했다. 현실적으로 접근하자면 이미 시장을 장악한 빅테크 플랫폼을 뒤집기란 역부족인 상황이다.”Q : 정부는 2030년 AI 세계 3대 강국을 선언했다.A :“아직 갈 길이 멀다. AI 강국으로 가려면 정부의 역할도 필수다. 미국이나 유럽연합(EU)이 세우고 있는 AI 장벽을 개별 기업이 어떻게 넘을 수 있겠나. 정부가 나서줘야 한다.”Q : 정부의 역할은.A :“AI 기본법 등을 제정해 AI 산업을 진흥해야 한다. 일부 주장처럼 특정 기업에 보조금을 지원하는 방식은 적합하지 않다. 막대한 세금을 투자하기보다는 외자 유치, 기업 간 협업 등을 조율하는 컨소시엄을 만들어 AI 생태계가 자연스럽게 형성될 수 있도록 기반을 다져주는 것이 중요하다. 최근 논의 중인 국가AI위원회가 그런 역할을 할 수 있을 것이다. 생태계가 만들어지면 기술은 부족하나 자체 언어와 문화를 가진 국가로의 수출도 가능할 것 같다. 전 세계에서 인기를 끌고 있는 K-컬처 등을 활용하면 중동이나 아시아·아프리카 국가와 손잡을 수 있을 것으로 기대한다.”"
ChatGPT,2024.08.23. 오후 5:12,2024-08-23,"나주시, AI와 디지털 역량 강화 위한 맞춤형 교육 개설",https://n.news.naver.com/mnews/article/031/0000864348?sid=102,"ChatGPT 활용 업무 효율화 교육과 스마트폰 길라잡이 교육으로 역량 강화에 힘써전라남도 나주시는 나주새일센터에서 구직자와 재직자들의 경쟁력 강화를 위한'ChatGPT를 이용한 업무 효율화 교육’과 ‘누구나 쉽게 배우는 스마트폰 길라잡이 교육’을 새롭게 진행한다고 23일 밝혔다.나주새일센터 취업자 역량강화 교육 안내 이미지 [사진=나주시]이번 교육은 4차 산업혁명 시대를 맞아 AI 활용 능력을 향상시켜 취업 경쟁력과 업무 생산성을 높이기 위해 마련됐다. 특히 최근 주목받고 있는 ChatGPT를 활용해 실제 업무에 실질적인 도움을 주는 내용을 다룰 예정이다.ChatGPT를 이용한 업무 효율화 교육은 기본과정과 심화과정으로 나눠 진행된다.기본과정에서는 ChatGPT의 개념과 기초적인 활용 방법을 배우며 업무에 적용할 수 있는 다양한 사례를 학습한다. 심화과정에서는 실습을 통해 업무의 효율성을 극대화하는 방법을 익히게 된다. 이를 통해 참가자들은 변화하는 취업 시장에서 더욱 경쟁력 있는 인재로 성장할 수 있을 것으로 보인다.한편 스마트폰 길라잡이 교육은 스마트폰 사용이 익숙하지 않은 고령층, 디지털 소외 계층, 혹은 처음 스마트폰을 접하는 이들을 위해 기획됐다. 참가자들은 스마트폰의 기본 기능부터 실생활에 유용하게 사용할 수 있는 다양한 방법을 배우며 디지털 기기를 더욱 효율적으로 사용할 수 있는 능력을 기르게 된다.최진아 센터장은 ""이번 교육 프로그램을 통해 AI와 디지털 기술이 중심이 된 시대적 흐름에 맞춰 지역 주민들이 경쟁력을 강화할 수 있기를 바란다""며 ""앞으로도 지역 내 일자리 창출과 고용 안정에 기여하며 특히 여성 인력의 전문성을 높이는 데 힘쓰겠다""고 덧붙였다.나주시 관계자는 ""이번 교육 프로그램이 많은 시민들에게 큰 도움이 되었으면 한다""며 ""앞으로도 빠르게 변화하는 시대의 흐름에 맞춘 다양한 맞춤형 프로그램을 적극 발굴해 추진하겠다""고 전했다.교육에 대한 자세한 정보는 나주새일센터로 문의하거나 나주새일센터 홈페이지에서 확인할 수 있다."
Gemini,2024.08.23. 오후 4:38,2024-08-23,글로벌 스타트업 대축제 ‘Try Everything’ DDP서 개최…AI시대 新전략 찾는다,https://n.news.naver.com/mnews/article/243/0000063675?sid=101,"글로벌 투자사·스타트업 전문기관 한 자리에…창업 생태계 활성화구글 딥마인드 최고운영책임자(COO) ‘라일라 이브라힘’ 기조 강연글로벌 스타트업 대축제 ‘Try Everything’이 오는 9월11일~12일 2일간 동대문디자인플라자에서 열린다. [사진 서울경제진흥원][이코노미스트 김설아 기자] 서울특별시(서울시)와 서울경제진흥원(SBA)은 전 세계 유망 스타트업과 대·중견기업, 투자자·액셀러레이터 등 창업생태계 구성원들이 함께하는 글로벌 스타트업 대축제 ‘트라이 에브리싱 2024’(Try Everything 2024)를 오는 9월11일~12일, 2일간 동대문디자인플라자(DDP)에서 개최한다고 밝혔다.서울시는 창업생태계 활성화를 위해 스타트업의 도전정신을 상징하는 ‘트라이 에브리싱’(Try Everything) 행사를 지난 2020부터 매년 개최하고 있다. 올해 행사는 ‘New Waves, New Ways’를 주제로 내걸고 AI가 불러일으킨 전례 없는 변화의 격랑 속, 인류의 길잡이가 될 새로운 기술 모색에 나선다.기조연사로는 구글 딥마인드의 최고운영책임자(COO)인 ‘라일라 이브라힘(Lila Ibrahim)’이 참여한다. 라일라 이브라힘이 한국을 방문해 강연에 나서는 것은 이번이 처음으로, 트라이 에브리싱 2024 기조강연은 AI 분야의 글로벌 리더가 한국 스타트업 생태계와 직접 소통하는 중요한 시간이 될 전망이다.또한 이브라힘은 구글의 생성형 AI인 제미나이(Gemini)의 개발 현황과 전략도 함께 소개할 예정으로, 이를 통해 스타트업들에게 새로운 방향성과 기회를 제시하며 국내 창업생태계에 큰 영감을 줄 것으로 보인다.올해 행사에서는 국내외 투자사와 스타트업 전문기관의 참여를 확대해 스타트업의 해외시장 진출 지원 및 오픈이노베이션을 더욱 강화할 예정이다.독일 ‘더 드라이버리(The Drivery)’ 외에 호주, 프랑스, 네덜란드, 인도, 일본, 인도네시아 등 다양한 국가의 투자사 및 스타트업 전문기관과 스타트업이 트라이 에브리싱 2024 참가를 위해 서울을 찾을 예정이며, 글로벌 전시 기획관 및 세션 참여를 통해 국내 스타트업과의 교류의 장을 만들 예정이다.이번 행사에 참여하는 국내 스타트업은 세계적인 투자자 및 전문가와의 교류를 통해 새로운 협업 기회를 창출하고, 글로벌 시장에서의 성장 가능성을 높일 수 있는 소중한 경험을 얻을 수 있을 것으로 기대된다.SK Telecom이 참여하는 세션에서는 ESG를 실천하고 있는 스타트업의 IR 피칭과 투자자들의 패널토론이 있을 예정이며, 네이버클라우드가 운영하는 세션에서는 대·중견기업과 스타트업이 함께 만들어 가는 새로운 기술 및 AI 생태계에 관한 이야기가 펼쳐질 예정이다. 또한 이러한 대·중견기업은 세션 및 기획전시관 참여를 통해 이들과 협력할 스타트업을 적극적으로 발굴할 계획이다. 이번 행사는 대·중견기업과 스타트업 간 상생 협력을 촉진하고, 혁신적인 아이디어와 기술이 만나 새로운 비즈니스 기회를 창출하는 중요한 플랫폼이 될 것으로 기대된다.이 밖에도 이른바 ‘셀럽 데이’ 세션들이 마련되어 허경환(방송인 겸 ㈜허닭 창립자), 장동민(방송인 겸 ㈜푸른하늘 대표), 리아킴·윤여욱(원밀리언 공동 대표), 엄홍길(산악인 겸 엄홍길휴먼재단 설립자) 등 국내 유명인사의 도전과 성공 뒤에 숨겨진 진솔한 이야기들을 전해 들을 수 있다.스타트업 투자유치를 활성화하기 위한 IR 피칭과 1:1 현장 밋업도 활발히 이뤄진다. 특히 올해는 전년 대비 IR 전용 무대를 새로이 마련해 다양한 스타트업의 IR 피칭을 엿볼 수 있다.대표적인 프로그램으로는 ‘2024 서울 유니콘 챌린지’ 최종결선이 있다. ‘서울 유니콘 챌린지’(舊’ 코리아챌린지)는 글로벌 성장이 유망한 국내외 스타트업을 발굴하고, 글로벌 시장 진출을 활성화하기 위한 경연대회로 지난 2020년부터 매년 개최되고 있다. ‘2024 서울 유니콘 챌린지’는 전년 대비 1억원이 증가한 2억2000만원 규모의 지원금과 강화된 지원 혜택을 자랑하며, 42 대 1의 경쟁률을 기록했다. 최종결선에서 선발된 기업에는 서울특별시장상이 수여되며, 글로벌 전문 액셀러레이터의 프로그램으로 후속지원이 연계될 예정이다.잠재성 있는 혁신적인 아이디어를 두고 경연을 펼치는 ‘전국민 창업 오디션’도 올해로 5회째를 맞이하며, 스타트업 창업에 대한 관심과 기대를 더욱 높일 것으로 예상된다. ‘전국민 창업 오디션’은 창의적인 아이디어를 가진 예비창업자들에게 자신의 비전을 실현할 수 있는 소중한 기회를 제공하고, 실제 창업으로 나아갈 수 있는 경로를 마련할 예정이다.뿐만 아니라, 산업은행이 2016년 출범한 벤처투자 IR 플랫폼인 KDB NextRound가 마련한 IR세션 ‘KDB NextRound : Try Everything 스페셜라운드’ 에서는 국가기술전략첨단산업 스타트업 IR 발표와 함께 국내 벤처생태계 발전을 위한 강연도 들을 수 있다.‘트라이 에브리싱 2024’를 통해 새로운 비즈니스 기회를 모색하고 네트워크를 확장하기를 희망하는 스타트업, 투자사 등 창업생태계 관계자는 9월 10일까지 트라이 에브리싱 홈페이지를 통해 행사 참가를 위한 사전등록을 신청할 수 있으며, 공식 인스타그램 팔로우를 통한 경품 이벤트 참여도 가능하다. 대학생, 일반인 등 누구나 행사에 참여할 수 있다.김종우 서울경제진흥원 창업본부장은 “급변하는 국제 정세 속에서도 스타트업 생태계는 끊임없이 진화하고 있다. 트라이 에브리싱(Try Everything)은 글로벌 경제 불확실성 속에서 어려움을 겪고 있는 스타트업의 투자유치 지원에 더욱 집중하고, 글로벌 창업생태계를 구성하는 다양한 기관과의 협력을 통해 스타트업의 글로벌화 및 창업문화 확산에 기여하고자 한다”며 “트라이 에브리싱 2024에 참가하는 것이 단순한 행사 참여를 넘어서서, 글로벌 네트워크를 확장하고 새로운 기회를 창출하는 귀중한 기회로 작용하길 바란다”고 전했다."
Claude,2024.08.22. 오전 11:14,2024-08-22,Naver ventures into AI image search business,https://n.news.naver.com/mnews/article/009/0005353798?sid=104,"Naver announced that it will add visual processing capabilities to its AI agent, CLOVA X. The image shows the ‘chart understanding’ feature of HyperCLOVA X. [Courtesy of Naver Corp.]South Korean platform giant Naver Corp. is set to integrate image recognition capabilities into its conversational artificial intelligence (I) agent service, CLOVA X. Global tech giants such as OpenAI Inc. and Google LLC are moving towards more sophisticated chatbots by developing multimodal AI that can simultaneously understand and process various forms of data, such as text, images, and speech, while Naver is focusing on a free model to achieve user lock-in effects.According to sources from the information technology (IT) industry on Wednesday, Naver plans to add multimodal functionality to CLOVA X later in August 2024, which will allow the recognition of images and related query responses. This feature may be available to general CLOVA X users.Users could upload a photo of a math problem, for example, to request an answer from CLOVA X or ask it to create a poem related to the image. This would be a step up from text-based interactions to image-based ones, as CLOVA X could previously handle documents like PDFs, TXT, HWP, and DOCX and engage in related conversations. But it could only recognize text within documents, limiting interactions with charts or graphs, and users will now be able to request tasks such as creating proposals based on graph data, allowing for more specialized functions.Naver is also testing image editing features on CLOVA X, allowing users to delete or modify parts of uploaded images. These features, including changing image backgrounds or altering the colors of clothing, will be rolled out to all users in stages after further refinement and the exact release date for these editing features is yet to be determined.LG AI Research recently introduced an image-based query response agent in the trial version of its generative AI service Chat EXAONE 3.0, but this service is restricted to LG employees and no official release date has been set yet.Meanwhile, major global tech firms have already integrated image search AI into their services. Google’s AI chatbot Gemini supports image uploads for Q&A and similar features are available in OpenAI’s ChatGPT and Anthropic’s Claude chatbots.Global tech companies are also developing AI agents capable of recognizing speech and video.“The integration of image search AI enhances usability and accessibility at the input stage, making image-based searches more useful,” Ha Jung-woo, head of Naver Cloud’s AI Innovation Center, said.Meanwhile, image search and analysis AI are not limited to conversational AI agents. Google introduced Google Lens, which provides real-time information about images via smartphone cameras. Image search AI is expected to be particularly powerful in chatbots and e-commerce, allowing users to easily find similar products by uploading pictures of the desired piece of clothing or items."
Gemini,2024.08.22. 오전 6:00,2024-08-22,"AI, ‘이건 안 돼’ 꾸짖기보다 납득시켜야 편향성 낮아져",https://n.news.naver.com/mnews/article/310/0000118353?sid=105,"[과학 혁신은 포용으로부터] ④‘젠더 비편향적’ AI 원한다면성차별적 편견 지적만 하기보다편견이 왜 생기나 학습시켜야생성형 인공지능(AI)이 출현한 이후 AI를 학습시키는 과정은 어린아이를 키우는 과정과 더욱 비슷해졌다. 초기 GPT-4의 다양한 성능을 보고한 기념비적인 논문은 이 신기한 피조물이 어떤 기대하지 않은 놀라움을 보여주는지 자세히 관찰한 150여 쪽짜리 육아일지와 같다.¹ 그리고 이 피조물이 우리에게 주는 당혹감은 학습능력이 뛰어난 아동이 주는 당혹감과 비슷하다. 인간과 사회를 잘 배워서 문제를 빨리 해결할 때는 흐뭇하지만, 너무 잘 배워서 어른 세계의 편견이나 욕설까지 적나라하게 드러낼 때는 당황해서 얼른 AI의 입을 틀어막거나 꾸짖는다. 생성형 AI의 뛰어난 성능에 큰 역할을 한다고 알려진 '인간 피드백을 통한 강화학습(RLHF)'이 이런 입막음 역할을 하곤 한다. 이렇듯 인간은 AI가 한편으로는 현실을 잘 분석하고 재현하는 초인지적 도구이길 바라지만, 다른 한편으로는 건강한 사회 구성원으로서 규범적으로 반응하길 바란다.이러한 이중적 요구를 만족하는 가장 좋은 방법은 바람직한 데이터만을 활용해 AI를 학습시키는 것이겠지만, 현실적으로 그렇지 못한 학습 환경에서 자란 AI를 꾸짖어 규범적으로 훈육하려 하면 부작용이 따르기 마련이다. 지난 2024년 초 구글이 개발한 생성형 AI 제미나이(Gemini)는 아래와 같은 교황 그림을 생성했다.² 사람들은 유색인종 여성 교황을 그린 AI의 도덕적 상상력을 칭찬했을까? 그 반대다. 비현실적 그림을 생산한 낮은 인지적 능력을 비판했고, 구글은 제미나이 서비스를 일시적으로 중단해야 했다.구글의 생성형 AI 제미나이(Gemini)가 만든 교황 그림. ⓒGemini AI그렇다면 이러한 이중적 요구를 만족시키기 위해서는 어떻게 AI를 학습시켜야 하는가? AI에게 '하여간 이건 하지 마!'라고 인간의 피드백을 주는 것이 아니라 왜 하면 안 되는지 납득할 만한 이유를 제공해야 한다. 그러기 위해서는 왜 AI가 나쁜 결과물을 생성했는지 우리가 먼저 납득할 수 있어야 한다.AI에 담긴 편향성을 알아보기 위한 한 연구는 거대언어모형을 사용하는 AI에게 ""( ) 사람은 적이다""라는 문장의 괄호 안에 나라 이름을 채워 넣도록 여러 언어로 요청해 봤다.³ 그 결과 영어나 독일어로 요청할 때는 괄호 자리에 특정 나라 이름이 자주 등장하지 않았지만 한국어로 요청할 때는 ""일본""이 압도적으로 많이 등장했다. 왜 그럴까? 한국인 독자라면 일제강점기라는 역사적 서사(narrative)가 반영된 한국어 텍스트를 AI가 학습했으리라 추측해 볼 수 있다. 즉 사용 언어에 따라 달라지는 편향성을 납득할 만한 서사가 있고 편향을 줄여줄 학습의 단서를 찾아볼 수 있다.전 세계 대부분의 문화권에서 여성은 인구 분포상 소수가 아니지만 사회적으로 소수인 집단이다. 따라서 AI가 학습하는 데이터에는 여성에 대한 편견뿐 아니라 그러한 편견이 왜 생기는지 알려줄 서사도 많이 들어있다. 즉 젠더는 위에 제시한 비편향적 AI의 학습을 발전시키기 좋은 영역이다. 그리고 이러한 서사의 발굴과 납득의 방법은 여성을 넘어서는 다양한 성 정체성, 인종, 언어, 종교 등에 대해 AI가 비편향적으로 반응하도록 확장(scaling)돼야 한다. 확장성(scalability)은 그간 사회적으로 성공한 모든 AI 기술이 갖춰온 특성이며, 윤리적 AI를 진정으로 구현하는 기술도 예외는 아닐 것이다.물론 그러한 확장성은 쉽게 이루어지지 않을 것이다. 사실 AI의 발전은 그간 우리가 타인의 서사를 이해하고 공감하는 방향과는 반대로 우리를 이끌어왔다. 타 정체성에 대한 혐오와 디지털 부족주의(tribalism)를 심화시켰다. 결국 타 정체성에 대한 노출만으로는 절대 그 정체성 집단에 대한 편견을 극복할 수 없음이 판명났다. 타 정체성이 겪는 서사에도 노출되고 그 서사를 공감할 수 있어야 극복된다. 그리고 그러기 위해서는 다양한 소수자 집단을 대표할 만한 다양한 서사가 데이터에서 발굴돼야 한다.디지털 데이터는 인구통계학적 대표성이 없다. 그러나 이러한 비대표성이 비편향적 AI를 발전시키는 데 장애물은 아니다. 오히려 소수 정체성이 인구학적 비율에 따라 학습 데이터에 소수만 반영되는 것이 장애물이다. 현대사회에서 끊임없이 생성되고 분화하는 다양한 소수 정체성이 체험하는 서사가 데이터에 포함되고 발굴되는 것이 중요하다. 인구통계학적 대표성에 대비되는 이러한 '서사적 대표성'을 갖춘 데이터를 구축하고 윤리적 AI의 구현을 앞당기는 실천이 젠더 영역에서 시작해 확산되기를 고대한다.¹ Bubeck, S., Chandrasekaran, V., Eldan, R., Gehrke, J., Horvitz, E., Kamar, E., ... & Zhang, Y. (2023). Sparks of artificial general intelligence: Early experiments with gpt-4. arXiv preprint arXiv:2303.12712.² The Economist. ""Is Google's Gemini chatbot woke by accident, or by design?"" https://www.economist.com/united-states/2024/02/28/is-googles-gemini-chatbot-woke-by-accident-or-design³ Ahn, J., & Oh, A. (2021). Mitigating language-dependent ethnic bias in BERT. arXiv preprint arXiv:2109.05704.강정한 연세대 사회학과 교수는강정한 연세대 사회학과 교수. ⓒ본인 제공연세대 사회학과 교수이자 연세대 클리오사회발전연구소 소장으로 활동하고 있다. 저서로 『카카오톡은 어떻게 공동체가 되었는가』(공저)가 있다.*외부 필자의 글은 본지 편집 방향과 일치하지 않을 수 있습니다."
Claude,2024.08.22. 오전 6:33,2024-08-22,"‘티끌 모아’ 다음에 올 말, 생성형 AI는 알고 있다 [인공지능 오디세이]",https://n.news.naver.com/mnews/article/308/0000035362?sid=101,"2000년대 이후 우리는 ‘신경망(Neural Network)’ 기반의 언어 모델 시대를 살고 있다. 이 모델들은 어떻게 학습할까? 간단히 설명하면, 문장의 빈칸 채우기를 반복하는 데서 출발한다.LLM, 트랜스포머, GPT, 파라미터…. 요즘 흔하게 쓰이는 용어들이지만 명확히 그 뜻을 이해하는 사람은 많지 않습니다. 인공지능 기술 현업에 종사하는 ‘개발자 M(필명)’이 생성형 AI의 기술 동향을 쉽고 재미있게 풀어내는 연재를 시작합니다.1988년 음성인식기 개발에 박차를 가하고 있던 IBM의 한 연구실. 연구팀을 이끌던 정보이론의 대가 프레더릭 젤리넥(1932~2010)은 인식 성능이 좀처럼 오르지 않자 탄식하며 말했다. “언어학자 한 명을 해고할 때마다 음성인식 정확도가 높아지는구나.” 언어학자들이 만든 규칙이 인식기 개발에 큰 도움이 되지 않았던 것이다. 그의 말은 당시 인공지능 언어 처리 기술의 한계를 적나라하게 보여준다.·그로부터 30여 년이 지난 지금 우리는 스마트폰에 말을 걸어 일정을 등록하고 AI 챗봇과 대화를 나누며 정보를 얻는다. 이런 놀라운 변화는 어떻게 가능했을까? 그 해답은 바로 언어 모델(Language Model)의 진화에 있다. 음성 비서, 자동번역, 텍스트 자동완성 등 다양한 서비스가 이 기술을 기반으로 작동한다.언어 모델이란 컴퓨터가 인간의 언어를 이해하고 생성할 수 있게 해주는 도구다. 예를 들어 “티끌 모아“라는 표현이 주어졌을 때 인공지능은 그다음에 올 수 있는 가장 자연스러운 말을 예측한다. ”태산”이라는 단어가 높은 확률로 선택될 것이다.1980년 이전 초기의 언어 모델은 규칙 기반이었다. 마치 문법책처럼 언어의 규칙을 일일이 프로그래밍해 넣는 방식이다. 하지만 이 방법은 한계가 명확했다. 언어의 모든 예외와 뉘앙스를 규칙으로 담아내는 것은 불가능에 가까웠기 때문이다.©그림 심규태1990년대 초반 새로운 전환점이 찾아왔다. 연구자 젤리넥이 음성인식에 도입한 통계적 방법 덕분이었다. 대량의 텍스트 데이터를 분석해 단어와 문장의 출현 빈도를 계산하는 방식으로 언어의 패턴을 파악하기 시작했다. 이는 마치 외국어를 배우는 아이가 주변 사람들의 대화를 듣고 자연스럽게 언어를 습득하는 과정과 비슷하다.2000년대 이후, 현재 우리는 ‘신경망(Neural Network)’ 기반의 언어 모델 시대를 살고 있다. 이 모델들은 어떻게 학습할까? 간단히 설명하면, 문장의 빈칸 채우기를 반복하는 데서 출발한다. “나는 학교에 ___”이라는 문장이 주어졌을 때 ‘간다’ ‘다녔다’ ’도착했다’ 등 다양한 가능성 중 가장 적절한 단어를 선택하는 훈련을 수없이 되풀이한다. 이 과정에서 모델은 언어의 문맥과 의미를 이해하게 된다. 또 적절한 다음 단어를 반복적으로 택함으로써 문장을 생성(generation)할 수 있는 능력이 생긴다. 신경망 기반의 언어 모델이 생성형 인공지능(Generative AI)의 대표 선수로 간주되는 이유가 바로 여기에 있다.매개변수 1.75조 개의 거대 모델신경망 모델의 크기는 매개변수(parameter)의 개수다. 이해를 돕기 위한 극단적인 예시로, 모델이 “y=ax+b”라는 형태라고 가정해보자. 매개변수가 a와 b, 단 두 개인 아주 단순한 모델이다. 여기에서 x는 입력, y는 출력이다. “나는 학교에”를 입력했을 때, 문장의 빈칸 채우기(출력)를 잘하도록 적절한 매개변수를 찾는 과정이 신경망 기반 언어 모델의 학습이다.생성형 인공지능은 놀라운 능력을 보여준다. 이러한 혁명적 변화의 중심에는 GPT(Generative Pre-trained Transformer) 시리즈로 대표되는 거대언어모델(LLM: Large-scale Language Model)이 있다. 오픈AI는 2018년 GPT1(매개변수 1.17억 개), 2019년 GPT2(15억 개), 2020년 GPT3(1.75조 개)를 잇달아 공개했다.GPT1에서 GPT2로 가면서 자연어(텍스트) 이해뿐 아니라 생성에서도 쓸 만하다는 평가가 나왔다. 질의응답, 번역 등 다양한 언어 처리 과제를 하려면 해당 과제에 맞게 추가 학습을 해야 했던 이전과 달리, GPT3는 예제 몇 개만 있으면 추가 학습 없이도 과제를 일정 정도 수행할 수 있어 많은 이들에게 놀라움을 안겼다.2022년 등장한 챗GPT(모델 크기 미공개)는 인공지능 언어 처리 기술 발전을 대중에게 각인시킨 결정적인 계기였다. GPT3는 예제를 잘 골라 섬세하게 입력해야 겨우 원하는 답변을 얻는 반면 챗GPT는 어떤 질문에도 자연스럽게 대답했다. 영어뿐 아니라 한국어, 일본어 등 다국어 답변이 가능하다는 점도 많은 이들을 열광시켰다.오픈AI 외에도 구글(Gemini), 앤스로픽(Claude) 등 다양한 기업들이 생성형 인공지능 모델을 선보이며 시장은 더욱 뜨거워졌다. 이들이 출시하는 모델은 텍스트를 넘어 음성·이미지 영역으로까지 그 능력을 확장하고 있다. 〈그림〉에서 알 수 있듯 시간이 흐를수록 최고 기록이 신되는 주기가 점차 짧아지고 있다.개인적으로는 2000년대 인터넷 혁명, 2010년대 모바일 혁명에 이어 앞으로는 AI가 세상을 뒤바꾸는 패러다임의 변화가 일어날 것이라고 전망한다. 하지만 지나친 낙관론과 비관론은 경계할 필요가 있다. AI가 당장 인간의 일자리를 대체할 것이라는 염려는 시기상조다. 현재의 AI는 여전히 많은 한계점을 갖고 있으며 그 학습과 운용에는 막대한 비용이 소요된다. 반면 이 기술의 잠재력을 간과하는 것 역시 위험하다. 과거 인터넷과 모바일 혁명 시대에 구글, 메타(페이스북) 등 기회를 포착한 기업들이 큰 성공을 거둔 것처럼 AI 시대에도 새로운 기회가 열릴 것이다.앞으로 이어질 ‘AI 오디세이’ 연재에서는 GPT를 비롯한 거대언어모델의 구조와 특성, 활용 방법 등을 상세히 살펴볼 예정이다. 또한 텍스트를 넘어 음성과 이미지 영역에서 보이는 기술 발전도 함께 다룰 계획이다. 필자의 의견은 가급적 배제하고 기술 그 자체를 최대한 쉽게 풀어쓰는 것이 목표다. 이를 통해 독자 여러분이 다가올 AI 시대를 더 잘 이해하고 준비할 수 있기를 희망한다. 자, 이제 장대한 여정을 떠나보자. ‘오디세이’의 시작이다."
ChatGPT,2024.08.22. 오전 6:08,2024-08-22,건양사이버대 'ChatGPT 한국어교육 활용법' 워크숍,https://n.news.naver.com/mnews/article/003/0012741016?sid=102,"워크숍 참가자들 *재판매 및 DB 금지[대전=뉴시스]유순상 기자 = 건양사이버대학교는 산학협력단 산하 이민자사회통합센터가 교내에서 법무부 사회통합프로그램(KIIP) 한국어 강사를 대상으로 'ChatGPT 한국어교육 활용법'이란 주제로 워크숍을 개최했다고 22일 밝혔다.ChatGPT 기본 활용법과 한국어교육 실제 적용 사례로 진행됐다. 참석자들은 인공지능 기술의 발전과 교육 현장 활용 가능성을 적극 논의했고 자유로운 의견 교환과 정보 공유, 협력 논의 등을 했다.박미정 책임교수는 “ChatGPT가 교육현장에서 유용하게 활용될 수 있음을 직접 체험, 만족도가 높았다”며 “한국어교육에서 인공지능 활용 가능성이 널리 전파되길 바란다”고 말했다."
ChatGPT,2024.08.22. 오전 11:02,2024-08-22,[Q&A] 금융분야 망분리 개선 로드맵 관련 주요 FAQ,https://n.news.naver.com/mnews/article/123/0002340874?sid=101,"금융위원회는 22일 금융분야 망분리 개선 로드맵 관련 주요 FAQ를 발표했다.Q) 생성형 AI 허용의 경우 특정 서비스(ChatGPT 등)만 허용하는 것인지? 아니면 생성형 AI 기술이 적용된 서비스라면 허용 가능한 것인지?A) 규제 샌드박스를 통한 생성형 AI 허용은 특정 서비스에 국한되지 않으며, 생성형 AI(Generative AI) 기술이 적용된 서비스라면 얼마든지 규제 샌드박스 신청 가능하다.Q) PaaS 형태의 생성형 AI 서비스의 경우 로드맵과 상관없이 이용 가능한지?A) 생성형 AI의 운영 구조(SaaS 또는 PaaS)와 관계없이 망분리 규제 특례가 필요하면 규제 샌드박스 신청 및 승인이 필요하다.Q) 생성형AI 활용시 고객 개인신용정보를 취급하지 않는 경우에도 샌드박스 심사 및 승인이 필요한지?A) 망분리 관련 규제 샌드박스는 전자금융감독규정 제15조(해킹 등 방지대책) 제1항제3호 또는 제5호에 대한 특례를 허용하는 것으로 개인신용정보 취급 여부와 관계없이 해당 규정에 대한 특례허용이 필요한 경우 규제 샌드박스 심사 및 승인이 필요하다.Q) 가명처리된 개인신용정보에 대한 가명처리 적정성 평가, 반출 기준 등 필요 보호조치가 있는지?A) 로드맵에서 언급하고 있는 '가명처리'란 '신용정보법'상 가명처리를 의미하며, 관련 법령에서 정하고 있는 행위 규칙 등을 필히 준수하여야 한다.활용하고자 하는 업무에 따라 가명처리 수준 결정, 가명처리 방법, 적정성 검토 및 사후관리 등 규정 준수가 필요하다.Q) 생성형 AI 허용시 대량의 가명 정보가 국외에서 처리될 수도 있는데, 개인정보보호상의 문제는 없는지?A) 생성형 AI를 통한 가명정보의 국외 처리에 대해서는 개인정보보호위원회(이하 개보위)와 샌드박스 협업을 추진하기로 사전 협의한다.샌드박스 지정시 개인정보보호법 특례 부여에 대해서는 개보위도 함께 참여할 예정이며 개인정보 처리·이전·보호 등에 필요한 각종 보안대책도 부가조건에 반영 계획이다.Q) 샌드박스 과정에서의 보안 점검·컨설팅은 무엇인지?A) 샌드박스 지정시 리스크에 따른 보안대책을 부가조건으로 부과한다.금감원·보안원은 개별 금융회사가 수립한 보안대책의 적절성, 취약점, 보완 필요사항 등을 사전 컨설팅하고 서비스 개시 전 해당 보안조치 등을 제대로 갖췄는지 점검 예정이다.Q) 기존 샌드박스를 통해 SaaS 이용 특례를 받은 기업의 경우, 금번 개선에 따라 추가 조치를 취해야 하는지?A) 금번 망분리 개선을 통해 SaaS 이용범위가 확대*되며, 기존 샌드박스를 통해 허용한 SaaS와는 대상 및 범위, 부가 조건 등이 상이하다.이에 이미 규제특례를 받아 기존의 지정 범위 내에서 서비스를 영위하고자 할 경우 추가적인 조치가 필요하지 않으나 금번 망분리 개선방안에 따라 SaaS 이용 범위를 새로 확대하고자 하는 경우에는 별도의 샌드박스 지정 신청이 필요하다.Q) 금번 로드맵 관련 규제샌드박스 향후 일정은 어떻게 되는지? 일회성 신청인지? 앞으로 지속적으로 신청할 수 있는지?A) 생성형AI 등 금번 로드맵 관련 규제 샌드박스는 금년 9월 중 첫 신청을 받을 예정이며, 상세 일정은 각 협회 및 금융규제 샌드박스 웹페이지(sandbox.fintech.or.kr)를 통해 안내할 예정이다.로드맵 관련 규제샌드박스 신청은 일회성이 아니며, 신청 수요를 보아가며 추가 신청 시기를 검토할 계획이다.Q) 연구·개발망 활용 범위에 대한 기준이 있는지?A) 연구·개발망의 활용 범위는 원칙적으로 개별 금융회사의 물적‧인적 요소 및 보안 요소(보안역량, 보호 필요성, 외부망 오픈 리스크 등)을 고려하여 자체 판단할 필요가 있다.금융회사 자체적으로 정보자산·시스템의 중요도·리스크를 식별하고 영향도를 분석‧평가하여 연구개발망 사용여부를 판단하고, 내부 정보보호위원회 승인 등을 거쳐 운영한다.다만, 망분리 예외에 따른 대체 정보보호통제 등을 준수하고, 취약점을 정기적으로 점검하는 등 보안장치도 철저히 갖출 필요가 있다.Q) 연구․개발망 활용 상세지침 등의 안내서는 언제쯤 발간될 예정인지?A) 금년 말까지 연구·개발 분야 망분리 개선을 위한 '전자금융감독규정' 및 시행세칙을 개정할 예정이며 업계 의견수렴 등을 거쳐 연구·개발망의 구체적인 활용 범위, 필요 보안대책, 모범사례 등을 담은 상세 지침을 함께 발간할 계획이다."
Gemini,2024.08.22. 오전 6:33,2024-08-22,"‘티끌 모아’ 다음에 올 말, 생성형 AI는 알고 있다 [인공지능 오디세이]",https://n.news.naver.com/mnews/article/308/0000035362?sid=101,"2000년대 이후 우리는 ‘신경망(Neural Network)’ 기반의 언어 모델 시대를 살고 있다. 이 모델들은 어떻게 학습할까? 간단히 설명하면, 문장의 빈칸 채우기를 반복하는 데서 출발한다.LLM, 트랜스포머, GPT, 파라미터…. 요즘 흔하게 쓰이는 용어들이지만 명확히 그 뜻을 이해하는 사람은 많지 않습니다. 인공지능 기술 현업에 종사하는 ‘개발자 M(필명)’이 생성형 AI의 기술 동향을 쉽고 재미있게 풀어내는 연재를 시작합니다.1988년 음성인식기 개발에 박차를 가하고 있던 IBM의 한 연구실. 연구팀을 이끌던 정보이론의 대가 프레더릭 젤리넥(1932~2010)은 인식 성능이 좀처럼 오르지 않자 탄식하며 말했다. “언어학자 한 명을 해고할 때마다 음성인식 정확도가 높아지는구나.” 언어학자들이 만든 규칙이 인식기 개발에 큰 도움이 되지 않았던 것이다. 그의 말은 당시 인공지능 언어 처리 기술의 한계를 적나라하게 보여준다.·그로부터 30여 년이 지난 지금 우리는 스마트폰에 말을 걸어 일정을 등록하고 AI 챗봇과 대화를 나누며 정보를 얻는다. 이런 놀라운 변화는 어떻게 가능했을까? 그 해답은 바로 언어 모델(Language Model)의 진화에 있다. 음성 비서, 자동번역, 텍스트 자동완성 등 다양한 서비스가 이 기술을 기반으로 작동한다.언어 모델이란 컴퓨터가 인간의 언어를 이해하고 생성할 수 있게 해주는 도구다. 예를 들어 “티끌 모아“라는 표현이 주어졌을 때 인공지능은 그다음에 올 수 있는 가장 자연스러운 말을 예측한다. ”태산”이라는 단어가 높은 확률로 선택될 것이다.1980년 이전 초기의 언어 모델은 규칙 기반이었다. 마치 문법책처럼 언어의 규칙을 일일이 프로그래밍해 넣는 방식이다. 하지만 이 방법은 한계가 명확했다. 언어의 모든 예외와 뉘앙스를 규칙으로 담아내는 것은 불가능에 가까웠기 때문이다.©그림 심규태1990년대 초반 새로운 전환점이 찾아왔다. 연구자 젤리넥이 음성인식에 도입한 통계적 방법 덕분이었다. 대량의 텍스트 데이터를 분석해 단어와 문장의 출현 빈도를 계산하는 방식으로 언어의 패턴을 파악하기 시작했다. 이는 마치 외국어를 배우는 아이가 주변 사람들의 대화를 듣고 자연스럽게 언어를 습득하는 과정과 비슷하다.2000년대 이후, 현재 우리는 ‘신경망(Neural Network)’ 기반의 언어 모델 시대를 살고 있다. 이 모델들은 어떻게 학습할까? 간단히 설명하면, 문장의 빈칸 채우기를 반복하는 데서 출발한다. “나는 학교에 ___”이라는 문장이 주어졌을 때 ‘간다’ ‘다녔다’ ’도착했다’ 등 다양한 가능성 중 가장 적절한 단어를 선택하는 훈련을 수없이 되풀이한다. 이 과정에서 모델은 언어의 문맥과 의미를 이해하게 된다. 또 적절한 다음 단어를 반복적으로 택함으로써 문장을 생성(generation)할 수 있는 능력이 생긴다. 신경망 기반의 언어 모델이 생성형 인공지능(Generative AI)의 대표 선수로 간주되는 이유가 바로 여기에 있다.매개변수 1.75조 개의 거대 모델신경망 모델의 크기는 매개변수(parameter)의 개수다. 이해를 돕기 위한 극단적인 예시로, 모델이 “y=ax+b”라는 형태라고 가정해보자. 매개변수가 a와 b, 단 두 개인 아주 단순한 모델이다. 여기에서 x는 입력, y는 출력이다. “나는 학교에”를 입력했을 때, 문장의 빈칸 채우기(출력)를 잘하도록 적절한 매개변수를 찾는 과정이 신경망 기반 언어 모델의 학습이다.생성형 인공지능은 놀라운 능력을 보여준다. 이러한 혁명적 변화의 중심에는 GPT(Generative Pre-trained Transformer) 시리즈로 대표되는 거대언어모델(LLM: Large-scale Language Model)이 있다. 오픈AI는 2018년 GPT1(매개변수 1.17억 개), 2019년 GPT2(15억 개), 2020년 GPT3(1.75조 개)를 잇달아 공개했다.GPT1에서 GPT2로 가면서 자연어(텍스트) 이해뿐 아니라 생성에서도 쓸 만하다는 평가가 나왔다. 질의응답, 번역 등 다양한 언어 처리 과제를 하려면 해당 과제에 맞게 추가 학습을 해야 했던 이전과 달리, GPT3는 예제 몇 개만 있으면 추가 학습 없이도 과제를 일정 정도 수행할 수 있어 많은 이들에게 놀라움을 안겼다.2022년 등장한 챗GPT(모델 크기 미공개)는 인공지능 언어 처리 기술 발전을 대중에게 각인시킨 결정적인 계기였다. GPT3는 예제를 잘 골라 섬세하게 입력해야 겨우 원하는 답변을 얻는 반면 챗GPT는 어떤 질문에도 자연스럽게 대답했다. 영어뿐 아니라 한국어, 일본어 등 다국어 답변이 가능하다는 점도 많은 이들을 열광시켰다.오픈AI 외에도 구글(Gemini), 앤스로픽(Claude) 등 다양한 기업들이 생성형 인공지능 모델을 선보이며 시장은 더욱 뜨거워졌다. 이들이 출시하는 모델은 텍스트를 넘어 음성·이미지 영역으로까지 그 능력을 확장하고 있다. 〈그림〉에서 알 수 있듯 시간이 흐를수록 최고 기록이 신되는 주기가 점차 짧아지고 있다.개인적으로는 2000년대 인터넷 혁명, 2010년대 모바일 혁명에 이어 앞으로는 AI가 세상을 뒤바꾸는 패러다임의 변화가 일어날 것이라고 전망한다. 하지만 지나친 낙관론과 비관론은 경계할 필요가 있다. AI가 당장 인간의 일자리를 대체할 것이라는 염려는 시기상조다. 현재의 AI는 여전히 많은 한계점을 갖고 있으며 그 학습과 운용에는 막대한 비용이 소요된다. 반면 이 기술의 잠재력을 간과하는 것 역시 위험하다. 과거 인터넷과 모바일 혁명 시대에 구글, 메타(페이스북) 등 기회를 포착한 기업들이 큰 성공을 거둔 것처럼 AI 시대에도 새로운 기회가 열릴 것이다.앞으로 이어질 ‘AI 오디세이’ 연재에서는 GPT를 비롯한 거대언어모델의 구조와 특성, 활용 방법 등을 상세히 살펴볼 예정이다. 또한 텍스트를 넘어 음성과 이미지 영역에서 보이는 기술 발전도 함께 다룰 계획이다. 필자의 의견은 가급적 배제하고 기술 그 자체를 최대한 쉽게 풀어쓰는 것이 목표다. 이를 통해 독자 여러분이 다가올 AI 시대를 더 잘 이해하고 준비할 수 있기를 희망한다. 자, 이제 장대한 여정을 떠나보자. ‘오디세이’의 시작이다."
Gemini,2024.08.22. 오전 11:14,2024-08-22,Naver ventures into AI image search business,https://n.news.naver.com/mnews/article/009/0005353798?sid=104,"Naver announced that it will add visual processing capabilities to its AI agent, CLOVA X. The image shows the ‘chart understanding’ feature of HyperCLOVA X. [Courtesy of Naver Corp.]South Korean platform giant Naver Corp. is set to integrate image recognition capabilities into its conversational artificial intelligence (I) agent service, CLOVA X. Global tech giants such as OpenAI Inc. and Google LLC are moving towards more sophisticated chatbots by developing multimodal AI that can simultaneously understand and process various forms of data, such as text, images, and speech, while Naver is focusing on a free model to achieve user lock-in effects.According to sources from the information technology (IT) industry on Wednesday, Naver plans to add multimodal functionality to CLOVA X later in August 2024, which will allow the recognition of images and related query responses. This feature may be available to general CLOVA X users.Users could upload a photo of a math problem, for example, to request an answer from CLOVA X or ask it to create a poem related to the image. This would be a step up from text-based interactions to image-based ones, as CLOVA X could previously handle documents like PDFs, TXT, HWP, and DOCX and engage in related conversations. But it could only recognize text within documents, limiting interactions with charts or graphs, and users will now be able to request tasks such as creating proposals based on graph data, allowing for more specialized functions.Naver is also testing image editing features on CLOVA X, allowing users to delete or modify parts of uploaded images. These features, including changing image backgrounds or altering the colors of clothing, will be rolled out to all users in stages after further refinement and the exact release date for these editing features is yet to be determined.LG AI Research recently introduced an image-based query response agent in the trial version of its generative AI service Chat EXAONE 3.0, but this service is restricted to LG employees and no official release date has been set yet.Meanwhile, major global tech firms have already integrated image search AI into their services. Google’s AI chatbot Gemini supports image uploads for Q&A and similar features are available in OpenAI’s ChatGPT and Anthropic’s Claude chatbots.Global tech companies are also developing AI agents capable of recognizing speech and video.“The integration of image search AI enhances usability and accessibility at the input stage, making image-based searches more useful,” Ha Jung-woo, head of Naver Cloud’s AI Innovation Center, said.Meanwhile, image search and analysis AI are not limited to conversational AI agents. Google introduced Google Lens, which provides real-time information about images via smartphone cameras. Image search AI is expected to be particularly powerful in chatbots and e-commerce, allowing users to easily find similar products by uploading pictures of the desired piece of clothing or items."
ChatGPT,2024.08.21. 오후 1:11,2024-08-21,"포스코이앤씨, 생성형 AI 기술 기반 건설지식 사내 DB 서비스 개발",https://n.news.naver.com/mnews/article/382/0001145934?sid=101,"포스코이앤씨 임직원이 생성형 AI를 활용한 건설 지식 DB 서비스를 통해 문제점을 해결하고 있다. 사진제공 | 포스코이앤씨포스코이앤씨가 건설 현장의 문제점에 대해 빠르게 해결방안을 도출할 수 있도록 최근 ‘Quality AI System’을 개발했다.일반적인 ChatGPT가 현장에서 사용하는 수많은 건설 용어와 최신 법규 개정 키워드 검색에 취약한 점을 보완하기 위해 이번에 AI 지식 데이터베이스를 구축함으로써 포스코이앤씨는 건설에 특화된 AI 기술을 임직원들에게 제공하게 됐다.포스코이앤씨가 자체 개발한 ‘Quality AI System’을 통해 직원들은 건설 현장의 문제에 대한 개선 및 조치방안, 관련법규와 표준시방서, 사내 품질기준(더샵 스탠다드) 등을 즉시 추천받을 수 있으며 추천 지식은 출처와 링크가 함께 제공돼 직접 확인할 수도 있다. AI 답변뿐만 아니라 사내 전문가(Master, Expert)들과 연결해 AI와 사람이 협업할 수 있는 플랫폼도 제공한다.예를 들면 ‘외벽 커튼월 유리공사에 대한 품질관리 주의사항을 알려줘’라는 질문에 AI는 “국가건설 기준코드 KCS 41 55 09 유리공사 3.2 유리의 설치공법, 3.2.5 강화 판유리 시공법 P.33에 따르면 품질관리 기준은 다음과 같습니다”며 친절하고 상세하게 해법을 제시한다.포스코이앤씨 R&D센터 관계자는 “업무효율성, 시공품질 향상 등을 확보할 수 있는 AI활용 기술을 지속 개발함으로써 스마트 건설 관리를 선도해 ‘더샵’ 브랜드 가치를 높이겠다”고 강조했다.한편 포스코이앤씨는 지능형 품질기술, 생성형 AI를 활용한 건설공사 기술 및 전문가 추천 알고리즘 등 다수의 특허를 출원, 보유하고 있다. 앞으로 품질과 기술, 법규 및 하자를 포함해 시스템이 답변할 수 있는 지식과 분야를 지속 확대해 나갈 예정이다."
ChatGPT,2024.08.20. 오전 10:04,2024-08-20,"큐빅셀, 산업통상자원부 '첨단 전략산업 초격차 기술개발'(반도체)  위한 국가과제 주관기관 선정",https://n.news.naver.com/mnews/article/108/0003259501?sid=004,"[스타뉴스 | 전시윤 기자]FSH 기술을 적용한 샘플테스트 및 솔루션개발용 데모기기- '첨단 전략산업 초격차 기술개발(반도체)'을 위한 국가과제 선정되어 협약 완료- 챗GPT(ChatGPT) 등장으로 AI 서버 수요 확대…Advanced Packaging 중요성 증대- 3D 이미지를 한번에 얻는 FSH기술로 첨단 패키징 3차원 검사, 적용 분야 다양화 전망광학전문기업 큐빅셀은 최근 산업통상자원부(전문기관: 한국산업기술기획평가원)의 '첨단 전략산업 초격차 기술개발(반도체)'을 위한 국가과제에 주관기관으로 선정되어 협약을 완료하였다고 20일 밝혔다.향후 큐빅셀을 주관기관으로 하는 컨소시엄은1um 이하 분해능으로 실시간 계측이 가능한 자동광학검사장비를 개발하는데2026년까지 총 약38억원을 지원받게 된다이번 국가과제 수행 배경으로는 인공지능(AI) 언어모델'챗GPT(ChatGPT)의 등장으로 AI 서버 수요가 크게 늘어나고 있고, 챗GPT와 같은 인공지능(AI)언어모델의 연산능력을 감당하기 위해서AI 프로세서, HBM, 칩셋용 IC 등 이종소자를 웨이퍼 레벨(Wafer Level)에서 패키지 공정을 진행하는 첨단 패키징(Advanced Packaging)이 필수적이다. 이는 빠른 처리 속도와 높은 내구성으로 인해 안정적으로 데이터를 처리할 수 있고, 전력 소비가 적으며 작은 공간을 차지하기 때문이다.이종소자들 뿐만 아니라HBM같은DRAM이8단 이상 적층된 소자를 패키징 하는 것은 기술적 난이도가 높기 때문에 이를 실시간으로 정확히 계측하는 것이 첨단 패키지 기술의 안정성 및 수율 확보에 필수적이다. 이에 따라 산업통상자원부는 첨단 전략산업 초격차 기술개발에1um 이하 분해능으로 실시간 계측이 가능한3차원 홀로그래피 자동광학검사기술을 확보하는 것이 필요하다고 판단하여 금번 과제를 통해 기술 개발을 지원하게 되었다.큐빅셀은 그 동안 깊은 심도 영역에서도 높은 분해능으로3D 이미지를 한 번에 얻을 수 있는 FSH(Flying-over Scanning Holography) 기술로 첨단 패키징을 3차원으로 검사할 수 있는 솔루션을 개발해 왔고, 글로벌Tier-1 종합반도체회사로부터 긍정적인 반응을 받은 바 있다. 이와 같은 실적이 금번 과제에 선정될 수 있었던 배경이며, 향후 일본의 치바대학교, 한양대학교 및 한국전자기술연구원(KETI)와 함께 과제를 수행하며 자동광학검사장비 뿐만 아니라AI 기반의 홀로그램 신호처리 소프트웨어 기술까지 확보하고자 한다.큐빅셀 관계자는 ""이번 과제에 선정됨으로써 홀로그램을 기반으로 한FSH 기술이 반도체 계측 및 검사에 다양하게 활용될 수 있음을 확인한데 의의가 있다""며 ""금번 과제의 결과물을 통해 향후 첨단 패키징의 기술적 난제를 해결하는데 기여할 것으로 예상""된다고 말했다."
ChatGPT,2024.08.20. 오후 3:39,2024-08-20,"As Daum sinks in search, experts doubt AI is solution",https://n.news.naver.com/mnews/article/044/0000260416?sid=104,"Former No. 2 portal site now lags behind Naver, Google, Microsoft's BingAn image of Daum logo (Kakao)Daum, once solidly the No. 2 player in the online search market in Korea, has lost ground to foreign rivals here.Its parent company Kakao is betting heavily on artificial intelligence to revive the ailing portal site, but industry watchers remain skeptical of its strategy, which has yet to be made public.According to web log analysis site Internet Trend on Tuesday, Daum ranked No. 4 in the domestic web search market as of Friday, with its market share falling from 4.41 percent a year ago to 3.29 percent.That means it has been overtaken by Microsoft's Bing, which had a 3.35 percent share. Google, with a market share of 36.57 percent, overtook it some time ago.Although Bing is still a long way behind Google, industry sources said Bing's rapid progress is attributed to Microsoft's strategy of leading with generative AI. Microsoft has launched a version of Bing that integrates ChatGPT. Its share in the global PC search market is nearing 12 percent and continues to grow globally, sources added.Kakao announced the launch of an interactive app in the second half of this year but has not yet disclosed a specific AI strategy.Instead of outlining a specific plan, a Kakao official said, “We’re working to innovatively enhance Daum's existing services using new technology while exploring new user experiences. We are also reviewing technology and business plans for new AI-driven search services.”Regarding the plan, Lee Joon-ho, an analyst at Hana Securities, said, “It is difficult to estimate the AI business value due to the lack of information.""“Not enough information has been disclosed about the overall AI business and new ventures, including the business-to-consumer AI platform that will be released as a separate app,"" the analyst added.Daum has not yet introduced a generative AI-powered search engine, similar to Bing, but it made reorganization efforts in May last year. Kakao separated Daum as a “company in company,"" or CIC, to accelerate the promotion of its main businesses in search engines, media and online communities.""Kakao decided to run Daum under the CIC system to promote the values of Daum's services as a search engine and content distribution platform,"" a Kakao official said. ""By securing an independent organizational structure, efficient and quick decision-making process can be established and increase the service's competitiveness by setting clear goals.""Despite the reorganization efforts, Daum’s contribution to Kakao’s sales continues to decline, the company’s second-quarter earnings report showed.The portal business, which includes Daum PC, mobile and Kakao Story, has provided 9 percent of group revenue since the third quarter of last year. This is far behind Talk Biz (54 percent), which includes KakaoTalk advertisements, and the aggregate of other platforms like Kakao Mobility and Kakao Pay.Another analyst, who asked for anonymity, said, “Although Kakao is making a big AI push, it seems to be not putting enough drive into Daum when listening to earnings conference calls in the last two years. … I bet it won’t bet big (on Daum) with AI strategy this time either, since the portal business is not an emerging market anymore.”Ahn Jae-min, an analyst at NH Investment & Securities, said recent search trends have shifted toward other platforms such as Google, YouTube and Instagram. Therefore, it is inevitable for Daum to lose its presence in the search market, he added.""Even if Kakao implements an AI strategy in the future, it won’t be easy to increase its share in the domestic search market. The fact that even adding ChatGPT to Bing hasn't allowed it to surpass Google illustrates the difficulty of succeeding with a portal's AI strategy,” Ahn said."
Gemini,2024.08.19. 오후 8:29,2024-08-19,"[송용진의 수학 인문학 산책]AI, 수학문제를 풀다",https://n.news.naver.com/mnews/article/032/0003315793?sid=110,"|송용진 인하대 수학과 교수매년 7월에 열리는 국제수학올림피아드(IMO)에서는 전 세계 약 110개국에서 온 600여명의 수학 천재들이 실력을 겨룬다. 올해는 영국에서 열렸는데 이 대회의 메인 스폰서는 XTX Markets라는 기업이다. 이 회사는 내년에 호주에서 열리는 IMO도 후원하기로 약속했다.올해 대회에만 200만파운드(약 34억6894만원) 이상을 후원한 이 회사는 알고리즘을 통해 투자하는 금융회사이며 다양한 영역에서 공익적인 사업을 하고 있다. AI를 기반으로 일을 하는 이 회사는 유난히 수학에 관심이 많다. 그래서 올해 이 회사가 주관하는 AI 수학올림피아드(AIMO)라는 대회가 IMO와 함께 열렸다.AIMO는 AI끼리 겨루는 수학올림피아드로, IMO에 출제되는 문제를 AI들도 참가해서 푸는 대회이다. 문제 수(하루에 3문제, 2일간)도 IMO와 똑같고 시간(하루에 4시간30분)도 같다. 이 회사는 IMO에서 금메달을 수상할 수준의 성적을 거두는 AI에 500만달러(약 66억8900만원)의 상금을 주겠다고 선언했다. 실은 이 회사는 총상금으로 1000만달러(약 133억7100만원)를 내걸었는데 그중 반은 AIMO 대회에 걸었고 나머지 반은 수학문제를 잘 푸는 대중적인 AI 모델을 개발하는 팀에 주겠다고 했다. 이 회사는 챗GPT와 같은 거대언어모델(LLM)을 넘어서 수학적으로 사고하며 수학문제를 풀 수 있는 새로운 AI 모델이 개발되기를 기대하고 있다.구글 딥마인드의 놀라운 성과AIMO의 결과는 어땠을까? 이 대회에는 오픈AI, 구글 딥마인드(DeepMind) 등 최고의 AI 회사들이 (익명으로) 참가했는데 구글 딥마인드만이 자신들의 결과를 발표하였다. 결과는 자신들이 개발한 알파프루프(AlphaProof)라는 AI가 IMO의 문제 6개 중에서 4개를 풀었고 이는 IMO의 은메달에 해당한다는 것이었다. 비록 금메달 수준이 아니어서 상금 500만달러는 받지 못했지만 그 정도의 결과도 XTX Markets의 예상을 뛰어넘는 매우 놀라운 것이었고 이것은 뉴욕타임스 등에서 기사화했다.구글은 몇년 전에 알파고(AlphaGo)라는 바둑 AI로 세상을 놀라게 한 이후, 이것을 개선한 AlphaZero와 기하문제를 푸는 AlphaGeometry 등을 개발한 바 있다. 특히 구글은 후자를 통해 IMO의 기하문제를 금메달 수상 수준으로 풀었다고 발표했는데 그 내용이 올해 초 세계 최고의 과학저널인 네이처에 게재되었다.그동안 AI는 많은 데이터와 빠른 계산 능력을 갖춘 데다가 알파고가 선보인 딥러닝 기법과 같이 스스로 교육하는 방식을 통해 진화하는 능력을 보여주었다. 게다가 챗GPT가 대표하는 생성형 AI는 이야기, 이미지, 동영상, 음악 등 새로운 콘텐츠와 아이디어를 만들 수 있다. 이 기술은 이미지 인식, 자연어 처리(NLP), 번역과 같은 새로운 영역에서 인간의 지능을 모방하고 있다.알파프루프는 ‘린(Lean)’이라고 하는 형식언어로 수학적 명제를 풀기 위해 스스로 학습하는 시스템이다. 이 AI가 놀라운 이유는 그동안의 AI는 이 세상에 이미 존재하고 있는 데이터를 조합하거나 자신이 찾은 결과를 개선하는 능력이 좋았을 뿐이지 인간이 수학문제를 풀 때 발휘하는 것과 같은 창의적인 사고나 추상적인 추론(reasoning)은 잘하지 못했기 때문이다.AIMO에서 알파프루프는 몇가지 약점을 보였다. 우선, IMO 문제 중 4개를 풀었다고는 하지만 기하문제를 제외한 나머지 3개는 푸는 데 사흘이나 더 걸렸다. 그리고 주목해야 할 사실은 ‘자연언어’로 출제된 문제를 AI가 이해할 수 있는 ‘형식언어’로 사람이 일일이 번역해 주었다는 사실이다. 하지만 다행히 추후에 구글 바드(Bard)의 새로운 이름인 제미나이(Gemini) 모델을 잘 다듬어서 자연언어를 형식언어로 바꾸는 데 성공했다고 한다.‘알파프루프’의 한계는 조합론알파프루프가 가지고 있는 가장 핵심적인 한계는 IMO에 출제된 조합론 문제 2개는 손도 대지 못했다는 점이다. 그 이유는 그런 문제에 등장하는 새로운 수학적 개념이나 문제가 요구하는 내용을 AI에 입력하는 것부터가 어려웠기 때문이다. 입력하는 사람에게도 어려운 개념은 AI는 이해하지 못한다.AI가 언젠가 세상의 모든 수학자를 능가할 때가 올 것은 분명하다. 하지만 AI가 개념이 복잡한 수학문제까지 잘 풀기 위해서는 아주 머나먼 험한 길을 가야 한다.송용진 인하대 수학과 교수"
Gemini,2024.08.19. 오전 5:02,2024-08-19,"족장쳐라? 깡깡이 쳐?…조선소 현장용어, 손짓발짓 대신 AI로 소통",https://n.news.naver.com/mnews/article/028/0002703272?sid=101,"외국인 노동자 많은 조선산업HD현대 TF ‘AI 통역기’ 만들어13일 경기 성남시 분당구 에이치디(HD)현대 사옥에서 만난 (왼쪽부터) 정천환 HD한국조선해양 미래기술연구원 인공지능(AI)센터 생성형 인공지능팀장, 강유진 HD한국조선해양 미래연구원 인공지능센터 선임연구원, 김명현 HD현대삼호 DT혁신추진부 선임매니저, 이정민 HD현대 인공지능전략팀장. 이들은 사진 속 휴대전화에서 보듯, 국내 최초로 조선소 노동자들을 위한 인공지능 기반 통역서비스를 개발했다. HD현대 제공(☞한겨레 뉴스레터 H:730 구독하기.검색창에 ’h:730’을 쳐보세요.)“‘족장쳐라’라는 말을 현장에서 자주 해요. (일반) 번역기를 이용하면 ‘부족장을 공격하다’로 알려줘요. 그런데 이건 작업을 하기 위한 임시 받침대(스캐폴딩·scaffolding)를 깔라는 말이에요. 현장에서 외국인 노동자는 이런 지시를 못 알아듣는 경우가 많아서 손짓발짓까지 해야 하는데, 우리가 개발한 통역 프로그램을 사용하면서 소통이 이전보다 잘 됐죠.”15일 기준 국내 조선산업의 외국인 노동자 수는 전체 20%인 2만명가량으로 추산된다. 고강도·저임금 노동현실에 숙련공이 떠나고, 앞으로는 외국인 노동자 수가 더욱 늘어날 것으로 예상된다. 안전 수칙 준수가 필수적인 용접 작업 등을 외국인 노동자들이 많이 맡고 있기 때문에 현장에서 정확한 소통이 매우 필요하다. 그러나 모든 현장에 통역사를 두기도, 일반 번역기를 사용하기도 힘든 현실을 극복하기 위한 통역 서비스 개발이 이뤄졌다. 13일 경기 성남시 분당구 에이치디(HD)현대 사옥에서 만난 김명현 에이치디현대삼호 디지털전환(DT)혁신추진부 선임매니저와 강유진 에이치디한국조선해양 미래기술연구원 인공지능(AI)센터 선임연구원이 직접 개발한 프로그램을 설명하며 이같이 말했다.에이치디현대는 지난해 11월 조선·에너지·산업기계 등 모든 계열사 관계자들이 모여 각 사업 부문에 맞는 생성형 인공지능 서비스 개발 작업의 필요성을 확인한 뒤 12개 과제를 도출했다. 그 가운데 하나가 외국인 노동자를 위한 조선업 맞춤형 번역서비스인 ‘인공지능 에이전트’였다. 지난해 12월 말 구글 클라우드와 전략적 인공지능 협력관계를 맺은 뒤 구글의 인공지능모델 ‘제미나이’(Gemini)를 활용해 개발에 나섰다.이정민 에이치디현대 인공지능전략팀장과 정천환 에이치디한국조선해양 미래기술연구원 인공지능센터 생성형 인공지능팀장, 강유진 선임연구원·김명현 선임매니저 4명이 팀을 이뤄 지난 5월께 2주 동안 온·오프라인 미팅을 통해 시범버전부터 만들었다. 6월부터 전라남도 영암군의 에이치디현대삼호 1만4천명 직원(협력사 포함)들이 스마트폰에 시범버전 애플리케이션을 깔아 회사 메신저로 사용 중이다. 한국인 관리자가 한국어로 문장을 입력하면, 각 나라 직원들은 모국어로 번역된 문장을 볼 수 있다. 반대로 외국인 노동자들이 모국어로 입력하면 한국인 직원들은 한국어로 볼 수 있다. 영어·한국어를 제외한 네팔·우즈베키스탄·태국·베트남 4개국어로의 번역을 성공했다. “4개 나라 노동자가 (HD현대 조선 3사) 전체 외국인 노동자의 71%로 인원이 많은 국가부터 적용했다.” 정 팀장의 말이다.한국인에게도 생소한 현장용어를 번역기라고 알아들을 리 없었다. 조선업계에서 많이 쓰이는 단어들은 줄임말이거나 건설현장 용어, 한국어로 변용된 일본어, 비속어 등이 많다. 자동 인공지능 번역 기능이 탑재된 최신형 스마트폰을 사용해도 소통이 쉽지 않은 이유였다. 결국 팀원들의 발품·손품이 많이 들었다.팀원들은 현장에서 작업자들이 나누는 대화를 녹음해 1만4천개 표현을 수집한 뒤 1천개를 선별해서 인공지능에 학습시켰다. 다만, 그대로 적용할 수가 없었다. 예를 들어 조선업계에서 흔하게 사용하는 용어 ‘전장’은 선박에 있는 모든 전기·전자설비에 전력이 원활하게 공급되도록 전선 등을 설치하는 작업(전기의장)을 뜻한다. 그러나 번역기는 전장을 ‘배틀필트’(싸움터)로 번역했다. 전기의장으로 입력했더니 ‘일렉트리컬 체어맨’으로 표기됐다. “깡깡이로 얼음쳐”도 그랬다. 깡깡이는 ‘단단하다’를 뜻하는 전라도 사투리인 깡깡하다에서 파생된 말로 망치를 뜻한다. 즉, 망치로 얼음을 깨라는 말이다. “야리까리해라”라는 말은 ‘오늘 할당량만 끝내고 퇴근해’라는 의미이다. “시마이쳐”도 이만 끝내라는 말이지만 맥락이 완전히 같지 않았다.김명현 선임매니저는 “현장에서 일하는 다양한 나라 노동자들이 서로 소통할 수 있는 통역기를 만들기 위해서는 생각보다 손이 많이 갔다”고 했다. 또 “인공지능에게 언어를 학습시킨다고 해도 사용자 중심으로 이를 조정하는 것은 결국 사람 몫이었다. 현장의 피드백을 꼼꼼하게 수용해 적용했다. 현장 설명회를 하면 반응이 나쁘지 않아 잘 만든 것 같다”고 정 팀장이 덧붙였다.보완할 지점은 여전히 많단다. 올해 말까지 방글라데시·인도네시아·러시아·미얀마·스리랑카·튀르키예·아랍어 번역을 추가하고 음성 번역 기능도 완성하는 게 목표다. 전라도 사투리 ‘거시기’와 같이 구어체로는 많이 쓰이는데 문어로 치환하기 영 어려운 한국어 처리도 도전 과제다. “오사마리 쳐라”(정리하라)와 같은 표현은 아직 언어모델이 정확히 인식을 못 하고 있다고 한다.정기선 부회장이 올해 1월 미국 라스베이거스에서 열린 시이에스(CES)2024에서 ‘인공지능 기술을 건설기계 현장에도 적용하겠다’는 취지의 기조연설을 할 때 같이 무대에 오르기도 했던 이 팀장은 “음성은 현장 소음이 많고 발음이 부정확할 경우 번역이 쉽지 않다. 그렇지만 올해 말 개발 목표로 정확도를 높이는 단계에 있다. 전라도뿐 아니라 에이치디(HD)현대중공업·에이치디현대미포 울산조선소의 경상도 사투리 반영을 위한 추가 개발이 필요하다. 외국인 노동자들이 한국 생활에 잘 정착할 수 있도록 안전 교육을 포함한 포괄적 서비스를 고려 중”이라고 말했다. 이어 “인공지능을 가리켜 ‘팬시’(유행이고 감각적이란 뜻)한 것이라고 생각하는 경우가 많은데, 현장의 문제를 보완하기 위해 활용한다면 외국인 노동자의 업무 숙련도를 높이고 나아가 조선 산업 경쟁력을 높이는 데도 기여할 것으로 기대한다”고 말했다.13일 경기 성남시 분당구 에이치디(HD)현대 사옥에서 (왼쪽부터) 정천환 HD한국조선해양 미래기술연구원 인공지능(AI)센터 생성형 인공지능팀장, 강유진 HD한국조선해양 미래연구원 인공지능센터 선임연구원, 김명현 HD현대삼호 DT혁신추진부 선임매니저, 이정민 HD현대 인공지능전략팀장이 한겨레와 인터뷰를 하고 있다. 이들은 국내 최초로 조선소 노동자들을 위한 인공지능 기반 통역서비스를 개발했다. HD현대 제공"
ChatGPT,2024.08.19. 오후 4:50,2024-08-19,"DT 그라운드, 재직자 대상 AI 마케팅 실무과정 성황리에 마무리",https://n.news.naver.com/mnews/article/008/0005078653?sid=101,"AI와 AX 최신 트렌드를 반영한 디지털 교육 프로그램을 무료로 제공하는 알파코 K-하이테크플랫폼 'DT 그라운드'가 지난 8월 9일 재직자를 대상으로 진행한 'ChatGPT 마케팅 실무' 교육이 큰 인기를 끌며 성공적으로 마쳤다.이번 프로그램은 현직 마케터의 실무 노하우와 함께 ChatGPT를 비롯한 다양한 생성형 AI를 활용하여 실제 업무에 바로 적용할 수 있는 마케팅 활용법을 제공했다. 이로 인해 현업에 종사하는 재직자들 사이에서 큰 관심을 받았다.5월에 진행된 첫 번째 프로그램(1기)은 모집 정원 50명에 170명이 지원하는 높은 관심을 보였으며, 8월에 진행된 두 번째 프로그램(2기)도 80명이 지원해 마케팅 교육에 대한 재직자들의 높은 수요를 다시 한번 확인시켰다. 이러한 성과는 생성형 AI 교육의 실효성에 대한 기대와 재직자들의 역량 강화를 위한 의지가 반영된 것으로 분석된다.지난 8월 9일 진행된 'ChatGPT마케팅 실무 2기 과정' 강의 모습(왼쪽). 오는 8월 28일과 9월 4일 개설되는 '생성형AI 마케팅 실무(기본/심화) 과정' 이미지(오른쪽)./사진제공=알파코재직자를 대상으로 한 생성형AI를 활용한 마케팅 실무 교육 프로그램이 큰 성공을 거두며 조기 마감을 기록하는 가운데, 프로그램 운영진은 참가자들의 높은 수요에 부응해 생성형 AI를 활용 마케팅 실무 과정을 추가 개강한다고 밝혔다. 이번에 개강되는 '생성형 AI 마케팅 실무(기본/심화)' 과정은 오는 8월 28일과 9월 4일, 각각 총 2일에 걸쳐 진행될 예정이다.이번에 개설되는 프로그램은 이전 수강생들의 수요를 바탕으로 더 깊이 있는 마케팅 전략과 실무 적용 방법을 다룰 예정이다. 생성형 AI를 활용한 마케팅 전략 수립 방법뿐만 아니라, 이를 실무에 바로 적용할 수 있는 고급 마케팅 기법을 배울 수 있는 좋은 기회가 될 것이다.알파코 관계자는 ""많은 분들이 추가 학습을 요청해주셔서 이번 기본 과정과 심화 과정을 준비하게 됐다""며, ""교육의 질을 더욱 높여 참여자들이 실질적인 성과를 거둘 수 있도록 최선을 다하겠다""고 전했다.이번 과정은 기존에 신청하지 못한 인원뿐만 아니라, 기존 과정의 수료자들에게도 큰 관심을 받을 것으로 예상된다. DT 그라운드는 앞으로도 재직자들의 생성형 AI 활용 업무 역량 강화를 지원할 계획이다.DT 그라운드는 재직자의 지속 가능한 경력 개발을 지원하기 위해 다양한 주제의 교육 프로그램을 계획하고 있으며, 앞으로도 재직자의 디지털 역량 강화를 위한 AI 교육 기회를 계속 제공할 예정이다. DT 그라운드의 최신 교육 정보와 신청은 이벤터스 내 DT 그라운드 채널에서 확인할 수 있다."
ChatGPT,2024.08.19. 오후 9:28,2024-08-19,"패스트캠퍼스, 중장년 디지털 역량 높여 재취업 돕는다",https://n.news.naver.com/mnews/article/092/0002342581?sid=105,"'2024 중장년 일자리 박람회'서 KDC 체험부스 운영데이원컴퍼니(대표 이강민) 사내독립기업 패스트캠퍼스는 초고령사회 진입에 따른 중장년층의 재취업 열기에 맞춰, 디지털 역량 강화 교육을 강화한다고 19일 밝혔다.패스트캠퍼스는 지난 7월 개최된 '2024 중장년 일자리 박람회'에 참가해 중장년층의 디지털 역량 강화를 위한 부스를 운영해 큰 호응을 얻었다. 이번 박람회는 전년 대비 52% 증가한 3천414명이 참가해 4050세대의 높은 재취업 의지를 실감케 했다.첫 번째 부스인 '국비지원 교육 및 내일배움카드 발급 안내' 부스에서는 국비지원 교육의 복잡한 절차로 인해 불편을 느끼는 중장년의 내일배움카드 신청을 도왔다. 중장년 개인의 니즈에 맞는 국비지원 교육 과정을 추천하고 재도약을 원하는 중장년이 국가로부터 직업 훈련비를 지원받을 수 있도록 했다.패스트캠퍼스 ‘2024 중장년 일자리 박람회’ 참가두 번째 부스는 'ChatGPT와 이모티콘으로 체험해 보는 최신 기술' 공간으로 중장년 구직자가 노동시장 진입 시 느끼는 AI, 크리에이티브 등 디지털에 대한 어려움을 해소하고 취업을 위한 기초 실무 역량을 강화할 수 있도록 맞춤형 교육을 추천했다. 최신 채용 시장에서 주목받는 AI 관련 실무 기술을 체험할 수 있도록 했으며 특히 ChatGPT 활용법 실습이 눈길을 끌었다. 참가자들은 실습 코치의 도움을 받아 직장 생활이나 일상에서 활용 가능한 ChatGPT 프롬프트를 직접 작성해 보며 AI 기술에 대한 이해도를 높였다.KDC(K-Digital Credit) 프로그램의 특징과 장점은 중장년 일자리 박람회에서 뜨거운 반응을 얻었다. 박람회가 진행되는 7시간 동안 패스트캠퍼스의 부스는 참여자들로 북적였으며, 준비한 리플렛 400부가 오전에 모두 소진됐다. 강의를 체험한 일부 참가자들은 즉석에서 KDC 수강을 신청하기도 했다.패스트캠퍼는 타 기업과는 다른 운영 방식을 인기 요인으로 꼽았다. 타 부스와 달리 패스트캠퍼스는 채용에 도움이 될 수 있는 기술을 안내하고 실습을 진행했다. 회사는 이런 부스 운영이 직무 전환을 위해 학습을 계획 중인 중장년층의 교육 욕구를 충족시킨 것으로 분석했다.KDC는 패스트캠퍼스가 제공하는 국비지원 온라인 단기 실무 교육 프로그램이다. ▲프로그래밍 ▲데이터 사이언스 ▲마케팅 ▲디자인 총 4개 분야의 강의를 제공하며, 2024년 1월 기준 4만 명 이상의 수료생을 배출했다. 8주 이내의 집중 커리큘럼으로 구성되어 중장년층의 신속한 직무 전환과 취업 준비에 효과적이다. 과정 완주 시 NCS(국가직무능력표준) 인증 수료증이 발급되며, 이는 공기업 및 일부 기업체 지원 시 가산점으로 인정된다.이런 KDC 프로그램의 효과를 높이기 위해 패스트캠퍼스는 온라인 학습의 단점을 보완하는 다양한 지원 시스템을 마련했다. 완주반 전용 학습 게시판을 통해 수강생들은 자유롭게 정보를 공유하고 질의응답을 나눌 수 있다. 게시판으로 해결되지 않는 문제는 1:1 학생 맞춤형 라이브 멘토링을 통해 전문가의 직접적인 지도를 받을 수 있으며, 실습 프로젝트에서는 현업 멘토가 결과물에 대한 개별적인 피드백을 제공해 수강생들의 실질적인 역량 향상을 돕는다.신해동 패스트캠퍼스CIC 대표는 ""초고령사회로 진입하면서 '평생 교육'의 중요성이 더욱 깊어지고 있다""며 ""패스트캠퍼스는 중장년층이 접근하기 쉬운 매체를 통해 국비 지원 교육에 대한 정보를 적극적으로 전달하고, 이들의 디지털 역량 강화를 위한 맞춤형 프로그램을 지속 개발해 나갈 계획""이라고 밝혔다."
